title,company,due,link,loc,requirements
안드로이드 앱 개발자 채용,(주)세나테크놀로지,오늘마감 입사지원,https://www.saramin.co.kr/zf_user/jobs/relay/view?view_type=search&rec_idx=52675634&location=ts&searchword=%EA%B0%9C%EB%B0%9C%EC%9E%90&searchType=search&paid_fl=n&search_uuid=400df04b-c40e-436d-ba7b-b9fe8e357736,서울 강남구, 신입·경력 대졸↑ 정규직
[다이퀘스트] JAVA 및 WEB 개발자 모집,(주)다이퀘스트,~ 02/18(수) 입사지원,https://www.saramin.co.kr/zf_user/jobs/relay/view?view_type=search&rec_idx=52863328&location=ts&searchword=%EA%B0%9C%EB%B0%9C%EC%9E%90&searchType=search&paid_fl=n&search_uuid=400df04b-c40e-436d-ba7b-b9fe8e357736,서울 구로구, 경력3년↑ 대졸↑ 정규직
[ICT사업부] 프론트/백엔드/챗봇/인공지능 웹개발자 정규직 채용,(주)쿨스,~ 02/05(목) 입사지원,https://www.saramin.co.kr/zf_user/jobs/relay/view?view_type=search&rec_idx=52739386&location=ts&searchword=%EA%B0%9C%EB%B0%9C%EC%9E%90&searchType=search&paid_fl=n&search_uuid=400df04b-c40e-436d-ba7b-b9fe8e357736,부산 강서구, 경력무관 대졸↑ 정규직
[(주)이씨오] 웹 프론트엔드 경력개발자 채용(React),(주)이씨오,~ 01/31(토) 입사지원,https://www.saramin.co.kr/zf_user/jobs/relay/view?view_type=search&rec_idx=52581441&location=ts&searchword=%EA%B0%9C%EB%B0%9C%EC%9E%90&searchType=search&paid_fl=n&search_uuid=400df04b-c40e-436d-ba7b-b9fe8e357736,서울 성동구, 경력 1~3년 학력무관 정규직
서버개발팀 웹클라이언트 개발자(경력),(주)사이버다임,~ 02/19(목) 입사지원,https://www.saramin.co.kr/zf_user/jobs/relay/view?view_type=search&rec_idx=52876867&location=ts&searchword=%EA%B0%9C%EB%B0%9C%EC%9E%90&searchType=search&paid_fl=n&search_uuid=400df04b-c40e-436d-ba7b-b9fe8e357736,서울 송파구, 경력 5~15년 초대졸↑ 정규직
웹 어플리케이션 프론트엔드 개발자 신입 채용,(주)엠투아이코퍼레이션,~ 02/20(금) 입사지원,https://www.saramin.co.kr/zf_user/jobs/relay/view?view_type=search&rec_idx=52882617&location=ts&searchword=%EA%B0%9C%EB%B0%9C%EC%9E%90&searchType=search&paid_fl=n&search_uuid=400df04b-c40e-436d-ba7b-b9fe8e357736,경기 안양시, 신입 대졸↑ 정규직
웹 어플리케이션 프론트엔드 개발자 경력 채용,(주)엠투아이코퍼레이션,~ 02/20(금) 입사지원,https://www.saramin.co.kr/zf_user/jobs/relay/view?view_type=search&rec_idx=52882627&location=ts&searchword=%EA%B0%9C%EB%B0%9C%EC%9E%90&searchType=search&paid_fl=n&search_uuid=400df04b-c40e-436d-ba7b-b9fe8e357736,경기 안양시, 경력 1~7년 대졸↑ 정규직
[다이퀘스트] JAVA 및 WEB 개발자 모집 (신입/경력/석사병특),(주)다이퀘스트,~ 02/14(토) 입사지원,https://www.saramin.co.kr/zf_user/jobs/relay/view?view_type=search&rec_idx=52834439&location=ts&searchword=%EA%B0%9C%EB%B0%9C%EC%9E%90&searchType=search&paid_fl=n&search_uuid=400df04b-c40e-436d-ba7b-b9fe8e357736,서울 구로구, 경력무관 대졸↑ 정규직
Cloud 경력 개발자모집(백엔드/DevOps),(주)파이오링크,~ 01/31(토) 입사지원,https://www.saramin.co.kr/zf_user/jobs/relay/view?view_type=search&rec_idx=52706331&location=ts&searchword=%EA%B0%9C%EB%B0%9C%EC%9E%90&searchType=search&paid_fl=n&search_uuid=400df04b-c40e-436d-ba7b-b9fe8e357736,서울 금천구, 경력 1~2년 대졸↑ 정규직·전문연구요원
백엔드 개발자,(주)클로봇,~ 02/10(화) 입사지원,https://www.saramin.co.kr/zf_user/jobs/relay/view?view_type=search&rec_idx=52799098&location=ts&searchword=%EA%B0%9C%EB%B0%9C%EC%9E%90&searchType=search&paid_fl=n&search_uuid=400df04b-c40e-436d-ba7b-b9fe8e357736,경기 성남시, 경력 3~5년 대졸↑ 계약직
AI 서비스 백엔드 개발자(신입),(주)네비웍스,~ 02/05(목) 홈페이지 지원,https://www.saramin.co.kr/zf_user/jobs/relay/view?view_type=search&rec_idx=52742098&location=ts&searchword=%EA%B0%9C%EB%B0%9C%EC%9E%90&searchType=search&paid_fl=n&search_uuid=400df04b-c40e-436d-ba7b-b9fe8e357736,경기 안양시 동안구, 경력무관 학력무관 정규직
TiFRONT System Software 개발자 신입,(주)파이오링크,~ 02/24(화) 점핏에서 지원,https://www.saramin.co.kr/zf_user/jobs/relay/view?view_type=search&rec_idx=52922506&location=ts&searchword=%EA%B0%9C%EB%B0%9C%EC%9E%90&searchType=search&paid_fl=n&search_uuid=400df04b-c40e-436d-ba7b-b9fe8e357736,서울 금천구, 신입 대졸↑ 정규직
서버개발팀 백엔드 개발자(경력),(주)사이버다임,~ 02/19(목) 입사지원,https://www.saramin.co.kr/zf_user/jobs/relay/view?view_type=search&rec_idx=52876845&location=ts&searchword=%EA%B0%9C%EB%B0%9C%EC%9E%90&searchType=search&paid_fl=n&search_uuid=400df04b-c40e-436d-ba7b-b9fe8e357736,서울 송파구, 경력 5~15년 초대졸↑ 정규직
Cloud 개발자 모집 (백엔드/DevOps),(주)파이오링크,~ 01/31(토) 입사지원,https://www.saramin.co.kr/zf_user/jobs/relay/view?view_type=search&rec_idx=52706322&location=ts&searchword=%EA%B0%9C%EB%B0%9C%EC%9E%90&searchType=search&paid_fl=n&search_uuid=400df04b-c40e-436d-ba7b-b9fe8e357736,서울 금천구, 경력 1~7년 대졸↑ 정규직
"[분당-유지보수] JAVA / JSP / Spring,  웹개발자 경력 채용",(주)에이앤티솔루션,~ 01/30(금) 입사지원,https://www.saramin.co.kr/zf_user/jobs/relay/view?view_type=search&rec_idx=52606314&location=ts&searchword=%EA%B0%9C%EB%B0%9C%EC%9E%90&searchType=search&paid_fl=n&search_uuid=400df04b-c40e-436d-ba7b-b9fe8e357736,경기 성남시 분당구, 경력 3~12년 학력무관 정규직
[미소정보기술] 솔루션 및 플랫폼 개발자,(주)미소정보기술,~ 02/13(금) 입사지원,https://www.saramin.co.kr/zf_user/jobs/relay/view?view_type=search&rec_idx=52572244&location=ts&searchword=%EA%B0%9C%EB%B0%9C%EC%9E%90&searchType=search&paid_fl=n&search_uuid=400df04b-c40e-436d-ba7b-b9fe8e357736,서울 강남구, 신입 초대졸↑ 정규직
TiFRONT System Software 개발자 경력,(주)파이오링크,~ 02/24(화) 점핏에서 지원,https://www.saramin.co.kr/zf_user/jobs/relay/view?view_type=search&rec_idx=52922553&location=ts&searchword=%EA%B0%9C%EB%B0%9C%EC%9E%90&searchType=search&paid_fl=n&search_uuid=400df04b-c40e-436d-ba7b-b9fe8e357736,서울 금천구, 경력 1~20년 대졸↑ 정규직
TiFRONT L2/L3 Software 개발자 신입,(주)파이오링크,~ 02/24(화) 점핏에서 지원,https://www.saramin.co.kr/zf_user/jobs/relay/view?view_type=search&rec_idx=52922580&location=ts&searchword=%EA%B0%9C%EB%B0%9C%EC%9E%90&searchType=search&paid_fl=n&search_uuid=400df04b-c40e-436d-ba7b-b9fe8e357736,서울 금천구, 신입 대졸↑ 정규직
SI 개발자 채용,㈜어빌리티시스템즈,~ 02/06(금) 입사지원,https://www.saramin.co.kr/zf_user/jobs/relay/view?view_type=search&rec_idx=52757013&location=ts&searchword=%EA%B0%9C%EB%B0%9C%EC%9E%90&searchType=search&paid_fl=n&search_uuid=400df04b-c40e-436d-ba7b-b9fe8e357736,서울 송파구, 경력 6~11년 학력무관 정규직
AI 연구소 BackEnd 개발자,(주)인피닉,~ 02/21(토) 입사지원,https://www.saramin.co.kr/zf_user/jobs/relay/view?view_type=search&rec_idx=52906972&location=ts&searchword=%EA%B0%9C%EB%B0%9C%EC%9E%90&searchType=search&paid_fl=n&search_uuid=400df04b-c40e-436d-ba7b-b9fe8e357736,서울 강남구, 경력 3~6년 대졸↑ 계약직
서버개발팀 모바일 개발자(경력),(주)사이버다임,~ 02/19(목) 입사지원,https://www.saramin.co.kr/zf_user/jobs/relay/view?view_type=search&rec_idx=52876853&location=ts&searchword=%EA%B0%9C%EB%B0%9C%EC%9E%90&searchType=search&paid_fl=n&search_uuid=400df04b-c40e-436d-ba7b-b9fe8e357736,서울 송파구, 경력 5~15년 초대졸↑ 정규직
웹어플리케이션 백엔드 개발자(2년↑),(주)이글루코퍼레이션,~ 02/21(토) 입사지원,https://www.saramin.co.kr/zf_user/jobs/relay/view?view_type=search&rec_idx=52898121&location=ts&searchword=%EA%B0%9C%EB%B0%9C%EC%9E%90&searchType=search&paid_fl=n&search_uuid=400df04b-c40e-436d-ba7b-b9fe8e357736,서울 송파구, 경력 2~5년 초대졸↑ 정규직
"[경력] 응용SW개발자(JAVA,JSP, SQL) 채용",지엔소프트(주),채용시 입사지원,https://www.saramin.co.kr/zf_user/jobs/relay/view?view_type=search&rec_idx=52680948&location=ts&searchword=%EA%B0%9C%EB%B0%9C%EC%9E%90&searchType=search&paid_fl=n&search_uuid=400df04b-c40e-436d-ba7b-b9fe8e357736,대전 유성구, 경력3년↑ 학력무관 정규직
(주)피타소프트 백엔드 개발자 채용,(주)피타소프트,~ 03/05(목) 입사지원,https://www.saramin.co.kr/zf_user/jobs/relay/view?view_type=search&rec_idx=52898480&location=ts&searchword=%EA%B0%9C%EB%B0%9C%EC%9E%90&searchType=search&paid_fl=n&search_uuid=400df04b-c40e-436d-ba7b-b9fe8e357736,경기 성남시 분당구, 경력8년↑ 학력무관 정규직
Oracle to AWS MySQL 전환 DBA 및 JAVA 풀스택 개발자,(주)하이콘소프트,~ 02/27(금) 입사지원,https://www.saramin.co.kr/zf_user/jobs/relay/view?view_type=search&rec_idx=52944498&location=ts&searchword=%EA%B0%9C%EB%B0%9C%EC%9E%90&searchType=search&paid_fl=n&search_uuid=400df04b-c40e-436d-ba7b-b9fe8e357736,서울 강서구, 경력 5~15년 학력무관 프리랜서
백엔드 개발자 (5년이상) 모집,(주)누리인포스,~ 01/31(토) 입사지원,https://www.saramin.co.kr/zf_user/jobs/relay/view?view_type=search&rec_idx=52705655&location=ts&searchword=%EA%B0%9C%EB%B0%9C%EC%9E%90&searchType=search&paid_fl=n&search_uuid=400df04b-c40e-436d-ba7b-b9fe8e357736,경기 성남시 분당구, 경력5년↑ 초대졸↑ 정규직
안드로이드 앱 개발자 채용,(주)세나테크놀로지,~ 02/20(금) 입사지원,https://www.saramin.co.kr/zf_user/jobs/relay/view?view_type=search&rec_idx=52898670&location=ts&searchword=%EA%B0%9C%EB%B0%9C%EC%9E%90&searchType=search&paid_fl=n&search_uuid=400df04b-c40e-436d-ba7b-b9fe8e357736,서울 강남구, 경력 1~8년 대졸↑ 정규직
TiFRONT L2/L3 Software 개발자 경력,(주)파이오링크,~ 02/24(화) 점핏에서 지원,https://www.saramin.co.kr/zf_user/jobs/relay/view?view_type=search&rec_idx=52922616&location=ts&searchword=%EA%B0%9C%EB%B0%9C%EC%9E%90&searchType=search&paid_fl=n&search_uuid=400df04b-c40e-436d-ba7b-b9fe8e357736,서울 금천구, 경력 1~20년 대졸↑ 정규직
[이즈파크] 웹 서비스 개발자 채용,(주)이즈파크,~ 01/30(금) 입사지원,https://www.saramin.co.kr/zf_user/jobs/relay/view?view_type=search&rec_idx=52923612&location=ts&searchword=%EA%B0%9C%EB%B0%9C%EC%9E%90&searchType=search&paid_fl=n&search_uuid=400df04b-c40e-436d-ba7b-b9fe8e357736,서울 금천구, 경력 5~10년 초대졸↑ 정규직
"웹 개발 PL, 고급 개발자 채용",지미디어(주),오늘마감 입사지원,https://www.saramin.co.kr/zf_user/jobs/relay/view?view_type=search&rec_idx=52437092&location=ts&searchword=%EA%B0%9C%EB%B0%9C%EC%9E%90&searchType=search&paid_fl=n&search_uuid=400df04b-c40e-436d-ba7b-b9fe8e357736,경기 성남시 분당구, 경력5년↑ 초대졸↑ 정규직
[투비소프트] 자사 제품 Framework 넥사크로 개발 담당자 채용,(주)투비소프트,~ 02/05(목) 입사지원,https://www.saramin.co.kr/zf_user/jobs/relay/view?view_type=search&rec_idx=52894129&location=ts&searchword=%EA%B0%9C%EB%B0%9C%EC%9E%90&searchType=search&paid_fl=n&search_uuid=400df04b-c40e-436d-ba7b-b9fe8e357736,서울 강남구, 신입·경력 대졸↑ 정규직
[코스닥 상장] EDR개발팀 MacOs개발자를 모십니다.,(주)모니터랩,~ 02/15(일) 입사지원,https://www.saramin.co.kr/zf_user/jobs/relay/view?view_type=search&rec_idx=52842067&location=ts&searchword=%EA%B0%9C%EB%B0%9C%EC%9E%90&searchType=search&paid_fl=n&search_uuid=400df04b-c40e-436d-ba7b-b9fe8e357736,서울 구로구, 경력 10~15년 대졸↑ 정규직
WebGL 개발자 채용,(주)스마트프로,채용시 입사지원,https://www.saramin.co.kr/zf_user/jobs/relay/view?view_type=search&rec_idx=52469541&location=ts&searchword=%EA%B0%9C%EB%B0%9C%EC%9E%90&searchType=search&paid_fl=n&search_uuid=400df04b-c40e-436d-ba7b-b9fe8e357736,대전 유성구, 경력3년↑ 대졸↑ 정규직
파이썬 초/중급 개발자,(주)씨텍,~ 02/06(금) 입사지원,https://www.saramin.co.kr/zf_user/jobs/relay/view?view_type=search&rec_idx=52759116&location=ts&searchword=%EA%B0%9C%EB%B0%9C%EC%9E%90&searchType=search&paid_fl=n&search_uuid=400df04b-c40e-436d-ba7b-b9fe8e357736,부산 사상구, 경력무관 고졸↑ 정규직
"웹 개발자(경력직) 모집 (JAVA, Vue.js, Spring)",(주)지란지교에스앤씨,채용시 입사지원,https://www.saramin.co.kr/zf_user/jobs/relay/view?view_type=search&rec_idx=52876912&location=ts&searchword=%EA%B0%9C%EB%B0%9C%EC%9E%90&searchType=search&paid_fl=n&search_uuid=400df04b-c40e-436d-ba7b-b9fe8e357736,서울 송파구, 경력 2~5년 초대졸↑ 정규직
[포스티] 프론트엔드 개발자,(주)카카오스타일,~ 02/15(일) 홈페이지 지원,https://www.saramin.co.kr/zf_user/jobs/relay/view?view_type=search&rec_idx=52768645&location=ts&searchword=%EA%B0%9C%EB%B0%9C%EC%9E%90&searchType=search&paid_fl=n&search_uuid=400df04b-c40e-436d-ba7b-b9fe8e357736,경기 성남시 분당구, 경력5년↑ 학력무관 정규직
[코스닥 상장] EDR개발팀 Front end 개발자를 모십니다.,(주)모니터랩,~ 02/15(일) 입사지원,https://www.saramin.co.kr/zf_user/jobs/relay/view?view_type=search&rec_idx=52842097&location=ts&searchword=%EA%B0%9C%EB%B0%9C%EC%9E%90&searchType=search&paid_fl=n&search_uuid=400df04b-c40e-436d-ba7b-b9fe8e357736,서울 구로구, 경력 1~5년 대졸↑ 정규직
[경력3년이상] 웹 응용 프로그램 개발자,(주)티파이브온라인,~ 02/10(화) 입사지원,https://www.saramin.co.kr/zf_user/jobs/relay/view?view_type=search&rec_idx=52553179&location=ts&searchword=%EA%B0%9C%EB%B0%9C%EC%9E%90&searchType=search&paid_fl=n&search_uuid=400df04b-c40e-436d-ba7b-b9fe8e357736,서울 금천구, 경력3년↑ 학력무관 정규직·기간제
JAVA 웹 개발자 신입 채용 (SI/SM),(주)이트리즈시스템,채용시 입사지원,https://www.saramin.co.kr/zf_user/jobs/relay/view?view_type=search&rec_idx=52639741&location=ts&searchword=%EA%B0%9C%EB%B0%9C%EC%9E%90&searchType=search&paid_fl=n&search_uuid=400df04b-c40e-436d-ba7b-b9fe8e357736,서울 구로구, 신입 초대졸↑ 정규직
Python 백엔드/서버 개발자 모집 (2명),한국문헌정보기술(주),~ 02/05(목) 입사지원,https://www.saramin.co.kr/zf_user/jobs/relay/view?view_type=search&rec_idx=52745446&location=ts&searchword=%EA%B0%9C%EB%B0%9C%EC%9E%90&searchType=search&paid_fl=n&search_uuid=400df04b-c40e-436d-ba7b-b9fe8e357736,서울 용산구, 경력4년↑ 학력무관 정규직
